Metric,Value
#Recordings,53
Total Duration (hh:mm:ss),07:40:08
#Segments,9469
English Duration (hh:mm:ss),02:09:48
Mandarin Duration (hh:mm:ss),02:30:41
Mixed Duration (hh:mm:ss),01:50:30
Other Duration (hh:mm:ss),01:09:09
#English Segments,3175
#Mandarin Segments,2986
#Mixed Segments,1312
#Other Segments,1996
Median Eng Segment (ms),2000
Median Man Segment (ms),2000
Median Mixed Segment (ms),3000
Median Other Segment (ms),2000
Mean Eng Segment (ms),2453
Mean Man Segment (ms),3028
Mean Mixed Segment (ms),5053
Mean Other Segment (ms),2079
