,Method1 small,Method1 medium,Method2 small,Method2 medium,Method3 small,Method3 medium,Method4 small,Method4 medium,Method5 small,Method5 medium,Method6 Azure
Total Duration (hh:mm:ss),08:33:43,08:32:50,08:35:34,09:11:21,09:45:18,10:58:31,07:30:25,07:47:10,07:26:09,07:40:17,04:29:56
#Segments,9469,9469,9469,9469,9469,9469,9469,9469,9469,9469,9469
Duration vs GT (%),11.65,11.45,12.05,19.82,27.2,43.11,-2.11,1.53,-3.04,0.03,-41.34
Segments vs GT (%),0.0,0.0,0.0,0.0,0.0,0.0,0.0,0.0,0.0,0.0,0.0
English Duration (hh:mm:ss),06:22:17,06:24:24,03:36:51,03:40:08,03:37:25,04:24:14,05:04:37,04:56:14,03:01:18,03:13:43,02:43:34
Mean English Duration (ms),4543,4079,3505,3525,3462,3687,3485,3502,2187,2270,2729
Median English Duration (ms),3000,3000,3000,3000,3000,3000,2000,3000,2000,2000,2000
Mandarin Duration (hh:mm:ss),02:11:26,02:08:26,04:55:01,05:27:47,05:18:13,05:22:05,02:12:40,02:38:02,03:11:32,03:20:57,01:05:26
Mean Mandarin Duration (ms),4226,5017,4052,4757,4258,5130,3755,4513,3015,3179,1175
Median Mandarin Duration (ms),3000,3000,3000,3000,3000,4000,3000,3000,2000,2000,0
Mixed Duration (hh:mm:ss),00:00:00,00:00:00,00:03:42,00:03:26,00:49:18,01:12:12,00:00:00,00:00:00,01:11:09,01:03:36,00:40:56
Mean Mixed Duration (ms),0,0,10091,8957,5014,6456,0,0,9593,9938,9519
Median Mixed Duration (ms),0,0,5000,6000,3000,4000,0,0,6000,6000,5000
Other Duration (hh:mm:ss),00:00:00,00:00:00,00:00:00,00:00:00,00:00:22,00:00:00,00:13:08,00:12:54,00:02:10,00:02:01,00:00:00
Mean Other Duration (ms),0,0,0,0,2750,0,7505,7442,956,877,0
Median Other Duration (ms),0,0,0,0,1500,0,4000,4000,1000,1000,0
